Datetime,Water Level (m)
2025-02-21 18:00:00,0.29067576
2025-02-21 19:00:00,0.117977254
2025-02-21 20:00:00,-0.101238325
2025-02-21 21:00:00,-0.255193
2025-02-21 22:00:00,-0.3698866
2025-02-21 23:00:00,-0.46186122
2025-02-22 00:00:00,-0.52404183
2025-02-22 01:00:00,-0.54519117
2025-02-22 02:00:00,-0.50208527
2025-02-22 03:00:00,-0.368646
2025-02-22 04:00:00,-0.19273101
2025-02-22 05:00:00,-0.067685135
2025-02-22 06:00:00,-0.08314767
2025-02-22 07:00:00,-0.197246
2025-02-22 08:00:00,-0.31954017
2025-02-22 09:00:00,-0.43929785
2025-02-22 10:00:00,-0.5529401
2025-02-22 11:00:00,-0.640753
2025-02-22 12:00:00,-0.7016644
2025-02-22 13:00:00,-0.7191152
2025-02-22 14:00:00,-0.6129289
2025-02-22 15:00:00,-0.34879494
2025-02-22 16:00:00,-0.085410096
2025-02-22 17:00:00,0.12700856
2025-02-22 18:00:00,0.2686901
2025-02-22 19:00:00,0.31799716
2025-02-22 20:00:00,0.251753
2025-02-22 21:00:00,0.04931449
2025-02-22 22:00:00,-0.17363551
2025-02-22 23:00:00,-0.32289505
2025-02-23 00:00:00,-0.44045237
2025-02-23 01:00:00,-0.54517597
2025-02-23 02:00:00,-0.6255436
2025-02-23 03:00:00,-0.67912626
2025-02-23 04:00:00,-0.6683157
2025-02-23 05:00:00,-0.51179194
2025-02-23 06:00:00,-0.2770624
2025-02-23 07:00:00,-0.11785838
2025-02-23 08:00:00,-0.07359397
2025-02-23 09:00:00,-0.16136935
2025-02-23 10:00:00,-0.2863545
2025-02-23 11:00:00,-0.4092116
2025-02-23 12:00:00,-0.535685
2025-02-23 13:00:00,-0.6460154
2025-02-23 14:00:00,-0.7316487
2025-02-23 15:00:00,-0.74690276
2025-02-23 16:00:00,-0.5444221
2025-02-23 17:00:00,-0.21442756
2025-02-23 18:00:00,0.049141914
2025-02-23 19:00:00,0.2626749
2025-02-23 20:00:00,0.3899248
2025-02-23 21:00:00,0.39536273
2025-02-23 22:00:00,0.24593784
2025-02-23 23:00:00,-0.031041648
2025-02-24 00:00:00,-0.24738784
2025-02-24 01:00:00,-0.39729938
2025-02-24 02:00:00,-0.52448785
2025-02-24 03:00:00,-0.63315976
2025-02-24 04:00:00,-0.71347743
2025-02-24 05:00:00,-0.737149
2025-02-24 06:00:00,-0.5498917
2025-02-24 07:00:00,-0.22439858
2025-02-24 08:00:00,-0.0110334605
2025-02-24 09:00:00,0.08833849
2025-02-24 10:00:00,-0.00016208355
2025-02-24 11:00:00,-0.18422228
2025-02-24 12:00:00,-0.34370312
2025-02-24 13:00:00,-0.49465206
2025-02-24 14:00:00,-0.6278167
2025-02-24 15:00:00,-0.7307672
2025-02-24 16:00:00,-0.781838
2025-02-24 17:00:00,-0.5991103
2025-02-24 18:00:00,-0.1775662
2025-02-24 19:00:00,0.12777656
2025-02-24 20:00:00,0.3794712
2025-02-24 21:00:00,0.5259457
2025-02-24 22:00:00,0.5183635
2025-02-24 23:00:00,0.31879297
2025-02-25 00:00:00,0.0019968317
2025-02-25 01:00:00,-0.22432557
2025-02-25 02:00:00,-0.3821077
2025-02-25 03:00:00,-0.5199204
2025-02-25 04:00:00,-0.6375285
2025-02-25 05:00:00,-0.725705
2025-02-25 06:00:00,-0.71188337
2025-02-25 07:00:00,-0.33351797
2025-02-25 08:00:00,0.037368614
2025-02-25 09:00:00,0.25451607
2025-02-25 10:00:00,0.32761583
2025-02-25 11:00:00,0.18438728
2025-02-25 12:00:00,-0.07075717
2025-02-25 13:00:00,-0.26699898
2025-02-25 14:00:00,-0.4327878
2025-02-25 15:00:00,-0.58037096
2025-02-25 16:00:00,-0.7012164
2025-02-25 17:00:00,-0.7634192
2025-02-25 18:00:00,-0.5227271
2025-02-25 19:00:00,-0.010476261
2025-02-25 20:00:00,0.3273376
2025-02-25 21:00:00,0.60891914
2025-02-25 22:00:00,0.7275989
2025-02-25 23:00:00,0.65608394
2025-02-26 00:00:00,0.35447603
2025-02-26 01:00:00,0.013707436
2025-02-26 02:00:00,-0.20510082
2025-02-26 03:00:00,-0.36583716
2025-02-26 04:00:00,-0.5040277
2025-02-26 05:00:00,-0.6211632
2025-02-26 06:00:00,-0.70517325
2025-02-26 07:00:00,-0.5500082
2025-02-26 08:00:00,0.0013352616
2025-02-26 09:00:00,0.33032516
2025-02-26 10:00:00,0.53385514
2025-02-26 11:00:00,0.51489335
2025-02-26 12:00:00,0.276399
2025-02-26 13:00:00,-0.02638993
2025-02-26 14:00:00,-0.23245646
2025-02-26 15:00:00,-0.39704877
2025-02-26 16:00:00,-0.5457878
2025-02-26 17:00:00,-0.66517746
2025-02-26 18:00:00,-0.7166255
2025-02-26 19:00:00,-0.3461864
2025-02-26 20:00:00,0.21030842
2025-02-26 21:00:00,0.5639498
2025-02-26 22:00:00,0.82485557
2025-02-26 23:00:00,0.8834749
2025-02-27 00:00:00,0.7168962
2025-02-27 01:00:00,0.3373769
2025-02-27 02:00:00,0.018659603
2025-02-27 03:00:00,-0.18539152
2025-02-27 04:00:00,-0.34589657
2025-02-27 05:00:00,-0.4896443
2025-02-27 06:00:00,-0.60718817
2025-02-27 07:00:00,-0.6563526
2025-02-27 08:00:00,-0.19933188
2025-02-27 09:00:00,0.3261487
2025-02-27 10:00:00,0.6248677
2025-02-27 11:00:00,0.75425243
2025-02-27 12:00:00,0.6527558
2025-02-27 13:00:00,0.33537614
2025-02-27 14:00:00,0.016747579
2025-02-27 15:00:00,-0.1935777
2025-02-27 16:00:00,-0.3589216
2025-02-27 17:00:00,-0.5059196
2025-02-27 18:00:00,-0.62239474
